{"cameraMode":{"drawMode":0,"name":"Shaded","section":"Shading Mode"},"sceneLighting":true,"audioPlay":false,"sceneViewState":{"showFog":true,"showMaterialUpdate":false,"showSkybox":true,"showFlares":true,"showImageEffects":true,"showParticleSystems":true},"in2DMode":false,"pivot":{"x":-2.2870092391967775,"y":0.04748106002807617,"z":-0.23150324821472169},"rotation":{"x":-0.21658094227313996,"y":0.5266780257225037,"z":-0.1408439576625824,"w":-0.8098708987236023},"size":9.579900741577149,"orthographic":false}